id_final,VegZone,LiverCommo,LiverForm1,LiverForm2,LiverForm3,MosseCommo,MosseForm1,MosseForm2,MosseForm3,SphagCommo,SphagForm1,SphagForm2,SphagForm3,TotCommoSpp,TotForm1Spp,TotForm2Spp,TotForm3Spp
1,Boreal forest,0,0,0,0,12,0,0,0,8,0,0,0,20,0,0,0
2,Boreal forest,3,0,0,0,22,0,0,2,3,0,0,0,28,0,0,2
3,Boreal forest,1,0,0,0,10,0,0,0,1,0,0,1,12,0,0,1
4,Boreal forest,1,0,0,0,8,0,0,0,3,0,0,0,12,0,0,0
5,Boreal forest,1,0,0,0,10,0,0,0,6,0,0,0,17,0,0,0
6,Boreal forest,4,0,0,0,15,1,0,0,7,0,0,0,26,1,0,0
7,Boreal forest,0,0,0,0,10,0,1,0,4,1,0,0,14,1,1,0
8,Boreal forest,0,0,0,0,7,0,0,0,1,0,0,0,8,0,0,0
9,Boreal forest,1,0,0,0,19,2,0,0,3,0,0,0,23,2,0,0
10,Boreal forest,3,0,0,0,22,2,1,0,7,0,0,0,32,2,1,0
11,Boreal forest,4,0,0,1,14,0,0,0,5,0,0,0,23,0,0,1
12,Boreal forest,0,0,0,0,6,0,0,0,3,0,0,0,9,0,0,0
13,Boreal forest,0,0,0,0,6,0,0,0,3,0,0,0,9,0,0,0
14,Boreal forest,1,0,0,0,3,0,0,0,0,0,0,0,4,0,0,0
15,Boreal forest,1,0,0,0,11,0,0,0,1,0,0,0,13,0,0,0
16,Boreal forest,2,0,0,0,11,0,0,0,0,0,0,0,13,0,0,0
17,Boreal forest,2,0,0,0,15,1,1,0,0,0,0,0,17,1,1,0
18,Boreal forest,9,0,0,0,24,3,0,2,1,2,0,0,34,5,0,2
19,Boreal forest,3,0,0,0,4,0,0,0,2,0,0,0,9,0,0,0
20,Boreal forest,3,0,0,0,3,0,0,0,3,0,0,0,9,0,0,0
21,Boreal forest,6,0,0,0,6,0,0,0,0,0,0,0,12,0,0,0
22,Boreal forest,0,0,0,0,4,0,0,0,3,0,0,0,7,0,0,0
23,Boreal forest,0,0,0,0,2,0,0,0,3,0,0,0,5,0,0,0
24,Boreal forest,1,0,0,0,3,0,0,0,1,0,0,0,5,0,0,0
25,Boreal forest,1,0,0,0,3,0,0,0,2,0,0,0,6,0,0,0
26,Boreal forest,1,0,0,0,4,0,0,0,0,0,0,0,5,0,0,0
27,Boreal forest,1,0,0,0,3,0,0,0,1,0,0,0,5,0,0,0
28,Boreal forest,2,0,0,0,5,0,0,0,1,0,0,0,8,0,0,0
29,Boreal forest,3,0,0,0,4,0,0,0,0,0,0,0,7,0,0,0
30,Boreal forest,4,0,0,0,5,0,0,0,4,0,0,0,13,0,0,0
31,Boreal forest,1,0,0,0,6,0,0,0,5,0,0,0,12,0,0,0
32,Boreal forest,0,0,0,0,2,0,0,0,1,0,0,0,3,0,0,0
33,Boreal forest,1,0,0,0,3,0,0,0,5,0,0,0,9,0,0,0
34,Boreal forest,6,0,0,0,6,0,0,0,3,0,0,0,15,0,0,0
35,Boreal forest,2,0,0,0,7,0,0,0,2,0,0,0,11,0,0,0
36,Boreal forest,6,0,0,0,8,0,0,0,5,0,0,0,19,0,0,0
37,Boreal forest,8,0,0,0,10,0,0,0,4,0,0,0,22,0,0,0
38,Boreal forest,5,0,0,0,5,0,0,0,3,0,0,0,13,0,0,0
39,Boreal forest,3,0,0,0,4,0,0,0,5,0,0,0,12,0,0,0
40,Boreal forest,9,0,0,0,14,0,1,0,3,0,0,0,26,0,1,0
41,Boreal forest,3,0,0,0,7,0,0,0,0,0,0,0,10,0,0,0
42,Boreal forest,6,0,0,0,16,0,0,0,5,0,0,0,27,0,0,0
43,Boreal forest,2,0,0,0,8,0,0,0,6,0,0,0,16,0,0,0
44,Boreal forest,5,0,0,0,16,0,0,0,5,0,0,0,26,0,0,0
45,Boreal forest,11,0,0,0,17,1,0,1,8,0,0,0,36,1,0,1
46,Boreal forest,17,0,0,0,13,1,0,0,7,0,0,0,37,1,0,0
47,Boreal forest,4,0,0,0,13,1,0,0,1,0,0,0,18,1,0,0
48,Boreal forest,2,0,0,0,8,0,0,0,0,0,0,0,10,0,0,0
49,Boreal forest,8,0,0,0,18,0,0,1,3,0,0,0,29,0,0,1
50,Boreal forest,11,0,0,0,23,0,0,1,8,0,0,0,42,0,0,1
51,Boreal forest,12,0,0,0,15,0,0,0,4,0,0,0,31,0,0,0
52,Boreal forest,16,0,0,1,29,2,0,1,0,0,0,0,45,2,0,2
53,Boreal forest,11,0,0,0,23,0,0,0,2,0,0,0,36,0,0,0
54,Boreal forest,9,0,0,0,26,0,1,1,2,0,0,0,37,0,1,1
55,Boreal forest,7,0,0,0,17,0,1,0,3,0,0,0,27,0,1,0
56,Boreal forest,3,0,0,0,23,0,0,0,2,0,0,0,28,0,0,0
57,Boreal forest,3,0,0,0,5,0,0,0,0,0,0,0,8,0,0,0
58,Boreal forest,6,0,0,1,7,0,0,0,2,0,0,0,15,0,0,1
59,Boreal forest,2,0,0,0,3,0,0,0,0,0,0,0,5,0,0,0
60,Boreal forest,2,0,0,0,5,0,0,0,0,0,0,0,7,0,0,0
61,Boreal forest,11,0,0,0,12,0,0,0,4,0,0,0,27,0,0,0
62,Boreal forest,4,0,0,0,6,0,0,0,3,0,0,0,13,0,0,0
63,Boreal forest,5,0,0,0,6,0,0,0,4,0,0,0,15,0,0,0
64,Boreal forest,0,0,0,0,13,0,1,0,0,0,0,0,13,0,1,0
65,Boreal forest,0,0,0,0,3,0,0,0,0,0,0,0,3,0,0,0
66,Boreal forest,0,0,0,0,10,1,0,0,3,1,0,0,13,2,0,0
67,Boreal forest,0,0,0,0,8,0,0,0,3,0,0,0,11,0,0,0
68,Boreal forest,0,0,0,0,7,0,0,0,1,0,0,0,8,0,0,0
69,Boreal forest,5,0,0,0,10,0,0,0,2,0,0,0,17,0,0,0
70,Boreal forest,0,0,0,0,6,1,0,0,3,0,0,0,9,1,0,0
71,Boreal forest,0,0,0,0,6,0,0,0,0,0,0,0,6,0,0,0
72,Boreal forest,0,1,0,0,11,0,1,1,3,0,0,0,14,1,1,1
73,Boreal forest,1,0,0,0,8,0,1,0,2,0,0,0,11,0,1,0
74,Boreal forest,6,0,0,0,11,0,0,0,4,0,0,0,21,0,0,0
75,Boreal forest,0,0,0,0,3,0,0,0,1,0,0,0,4,0,0,0
76,Boreal forest,0,0,0,0,8,0,0,0,1,0,0,0,9,0,0,0
77,Boreal forest,0,0,0,0,11,1,1,0,2,0,0,0,13,1,1,0
78,Boreal forest,2,0,0,0,22,0,1,1,6,1,0,0,30,1,1,1
79,Boreal forest,15,0,0,0,28,0,0,0,1,0,0,0,44,0,0,0
80,Boreal forest,0,0,0,0,12,0,1,1,0,0,0,0,12,0,1,1
81,Boreal forest,0,0,0,0,12,0,1,0,0,0,0,0,12,0,1,0
82,Boreal forest,0,0,0,0,3,0,0,0,0,0,0,0,3,0,0,0
83,Boreal forest,0,0,0,0,2,0,0,0,0,0,0,0,2,0,0,0
84,Boreal forest,1,0,0,0,2,0,0,0,0,0,0,0,3,0,0,0
85,Boreal forest,3,0,0,0,4,0,0,0,0,0,0,0,7,0,0,0
86,Boreal forest,8,0,0,1,8,0,0,0,0,0,0,0,16,0,0,1
87,Boreal forest,8,0,0,0,6,0,0,0,0,0,0,0,14,0,0,0
88,Boreal forest,3,0,0,0,5,1,0,0,1,0,0,0,9,1,0,0
89,Boreal forest,0,0,0,0,10,1,0,0,0,0,0,0,10,1,0,0
90,Boreal forest,2,0,0,0,5,0,0,0,0,0,0,0,7,0,0,0
91,Boreal forest,1,0,0,0,3,0,0,0,0,0,0,0,4,0,0,0
92,Boreal forest,3,0,0,0,9,0,0,1,0,0,0,0,12,0,0,1
93,Boreal forest,7,0,0,0,8,0,0,0,0,0,0,0,15,0,0,0
94,Boreal forest,3,0,0,0,2,0,0,0,1,0,0,0,6,0,0,0
95,Boreal forest,1,0,0,0,3,0,0,0,0,0,0,0,4,0,0,0
96,Boreal forest,0,0,0,0,10,0,0,0,0,0,0,0,10,0,0,0
97,Boreal forest,0,0,0,0,6,1,1,0,0,0,0,0,6,1,1,0
98,Boreal forest,5,0,0,0,5,0,0,0,4,0,0,0,14,0,0,0
99,Boreal forest,4,0,0,0,5,0,0,0,2,0,0,0,11,0,0,0
100,Boreal forest,2,0,0,0,3,0,0,0,0,0,0,0,5,0,0,0
101,Boreal forest,0,0,0,0,2,0,0,0,1,0,0,0,3,0,0,0
102,Boreal forest,11,0,0,0,19,0,0,0,5,0,0,0,35,0,0,0
103,Boreal forest,6,0,0,0,13,0,0,0,2,0,0,0,21,0,0,0
104,Boreal forest,12,0,0,0,26,1,1,3,1,0,0,0,39,1,1,3
105,Boreal forest,0,0,0,0,5,0,1,0,0,0,0,0,5,0,1,0
106,Boreal forest,1,0,0,0,6,0,1,0,2,0,0,0,9,0,1,0
107,Boreal forest,1,0,0,0,9,0,1,1,0,1,0,0,10,1,1,1
108,Boreal forest,0,0,0,0,10,0,1,0,2,1,0,0,12,1,1,0
109,Boreal forest,1,0,0,0,7,1,1,0,3,0,0,0,11,1,1,0
110,Boreal forest,9,0,0,0,6,2,0,0,6,0,0,0,21,2,0,0
111,Boreal forest,1,0,0,0,8,0,1,1,3,0,0,0,12,0,1,1
112,Boreal forest,0,0,1,0,12,0,2,0,3,1,0,0,15,1,3,0
113,Boreal forest,3,0,0,0,14,1,1,0,0,0,0,0,17,1,1,0
114,Boreal forest,6,0,0,0,14,1,1,0,2,0,0,0,22,1,1,0
115,Boreal forest,14,0,0,0,10,0,0,0,1,0,0,0,25,0,0,0
116,Boreal forest,1,0,0,0,8,0,0,0,0,0,0,0,9,0,0,0
117,Boreal forest,0,0,0,0,10,0,0,0,1,0,0,0,11,0,0,0
118,Boreal forest,2,0,0,0,8,0,0,0,0,0,0,0,10,0,0,0
119,Boreal forest,6,0,0,0,11,1,0,0,1,0,0,0,18,1,0,0
120,Boreal forest,6,0,0,0,10,0,0,0,0,0,0,0,16,0,0,0
121,Boreal forest,7,0,0,0,10,1,0,1,0,0,0,0,17,1,0,1
122,Boreal forest,3,0,0,0,21,1,0,0,1,0,0,0,25,1,0,0
123,Boreal forest,2,0,0,0,3,0,0,0,2,0,0,0,7,0,0,0
124,Boreal forest,0,0,0,0,3,0,0,0,1,0,0,0,4,0,0,0
125,Boreal forest,0,0,0,0,3,0,0,0,1,0,0,0,4,0,0,0
126,Boreal forest,5,0,0,0,4,0,0,0,2,0,0,0,11,0,0,0
127,Boreal forest,2,0,0,0,4,0,0,0,0,0,0,0,6,0,0,0
128,Boreal forest,2,0,0,0,4,0,0,0,0,0,0,0,6,0,0,0
129,Boreal forest,2,0,0,0,3,0,0,0,0,0,0,0,5,0,0,0
130,Boreal forest,0,0,0,0,4,0,0,0,0,0,0,0,4,0,0,0
131,Boreal forest,0,0,0,0,6,0,0,0,0,0,0,0,6,0,0,0
132,Boreal forest,0,0,0,0,2,0,0,0,2,0,0,0,4,0,0,0
133,Boreal forest,3,0,0,0,8,0,0,0,2,0,0,0,13,0,0,0
134,Boreal forest,9,1,0,0,23,1,0,0,0,0,0,0,32,2,0,0
135,Boreal forest,2,0,0,0,8,1,0,0,1,0,0,0,11,1,0,0
136,Boreal forest,1,0,0,0,3,0,0,0,2,0,0,0,6,0,0,0
137,Boreal forest,1,0,0,0,3,0,0,0,4,0,0,0,8,0,0,0
138,Boreal forest,3,0,0,0,4,0,0,0,3,0,0,0,10,0,0,0
139,Boreal forest,2,0,0,0,6,0,0,0,0,0,0,0,8,0,0,0
140,Boreal forest,2,0,0,0,6,0,0,0,2,0,0,0,10,0,0,0
141,Boreal forest,0,0,0,0,2,0,0,0,1,0,0,0,3,0,0,0
142,Boreal forest,1,0,0,0,5,0,0,0,1,0,0,0,7,0,0,0
143,Boreal forest,2,0,0,0,8,0,0,0,4,0,0,0,14,0,0,0
144,Boreal forest,8,0,0,0,18,0,0,0,9,0,0,0,35,0,0,0
145,Boreal forest,15,0,0,0,20,1,0,0,9,0,0,1,44,1,0,1
146,Boreal forest,14,0,0,0,25,1,1,0,8,1,0,0,47,2,1,0
147,Boreal forest,12,0,0,0,20,0,0,0,5,0,0,0,37,0,0,0
148,Boreal forest,13,0,0,0,14,0,0,0,7,0,0,0,34,0,0,0
149,Boreal forest,13,1,0,0,14,0,0,0,5,2,0,0,32,3,0,0
150,Boreal forest,12,0,0,0,14,0,0,0,6,1,0,0,32,1,0,0
151,Boreal forest,5,0,0,0,11,1,0,0,5,0,0,0,21,1,0,0
152,Boreal forest,3,0,0,0,12,0,0,0,3,0,0,0,18,0,0,0
153,Boreal forest,2,0,0,0,7,0,0,0,2,0,0,0,11,0,0,0
154,Boreal forest,5,0,0,0,10,0,0,0,2,0,0,0,17,0,0,0
155,Boreal forest,9,0,0,1,13,0,0,0,4,0,0,0,26,0,0,1
156,Boreal forest,11,0,0,0,17,0,0,0,5,2,0,0,33,2,0,0
157,Boreal forest,16,0,0,1,18,0,0,0,8,0,0,0,42,0,0,1
158,Boreal forest,3,0,0,0,10,0,0,0,0,0,0,0,13,0,0,0
159,Boreal forest,3,0,0,0,6,0,0,0,0,0,0,0,9,0,0,0
160,Boreal forest,14,0,0,0,18,0,0,1,0,0,0,0,32,0,0,1
161,Boreal forest,12,0,0,0,18,0,0,0,3,0,0,0,33,0,0,0
162,Boreal forest,20,0,0,0,28,0,0,0,1,0,0,0,49,0,0,0
163,Boreal forest,16,0,0,0,31,0,0,0,3,0,0,0,50,0,0,0
164,Boreal forest,14,0,0,0,20,0,0,0,7,0,0,0,41,0,0,0
165,Boreal forest,8,0,0,0,13,0,0,0,3,0,0,0,24,0,0,0
166,Boreal forest,4,0,0,0,7,0,0,0,4,0,0,0,15,0,0,0
167,Boreal forest,7,0,0,0,13,0,0,0,7,0,0,0,27,0,0,0
168,Boreal forest,7,0,0,0,11,0,0,0,7,0,0,0,25,0,0,0
169,Boreal forest,7,1,0,0,10,0,0,0,5,0,0,0,22,1,0,0
170,Boreal forest,5,0,0,0,7,0,0,0,7,0,0,0,19,0,0,0
171,Boreal forest,13,0,0,0,19,0,0,0,6,1,0,0,38,1,0,0
172,Boreal forest,18,0,0,0,22,0,0,0,2,0,0,0,42,0,0,0
173,Boreal forest,8,0,0,0,15,0,0,0,5,0,0,0,28,0,0,0
174,Boreal forest,11,1,1,0,13,0,0,0,7,0,0,0,31,1,1,0
175,Boreal forest,19,0,0,0,20,3,0,1,5,0,0,0,44,3,0,1
176,Boreal forest,5,0,0,0,15,0,0,0,5,0,0,0,25,0,0,0
177,Boreal forest,7,0,0,0,13,0,0,1,5,0,0,0,25,0,0,1
178,Boreal forest,7,0,0,0,10,0,1,0,2,0,0,0,19,0,1,0
179,Boreal forest,1,0,0,0,6,0,1,1,0,0,0,0,7,0,1,1
180,Boreal forest,8,0,1,0,13,0,1,0,5,0,0,0,26,0,2,0
181,Boreal forest,6,0,0,0,11,0,1,0,7,0,0,0,24,0,1,0
182,Boreal forest,7,0,0,0,10,0,0,0,8,0,0,0,25,0,0,0
183,Boreal forest,6,0,0,0,16,0,1,0,7,1,0,0,29,1,1,0
184,Boreal forest,6,0,0,0,15,0,1,0,8,0,0,0,29,0,1,0
185,Boreal forest,5,0,0,0,7,0,0,0,5,0,0,0,17,0,0,0
186,Boreal forest,12,0,0,0,19,0,0,0,5,0,0,0,36,0,0,0
187,Boreal forest,7,0,0,0,12,0,0,0,2,0,0,0,21,0,0,0
188,Boreal forest,13,0,0,0,25,0,0,1,7,0,0,0,45,0,0,1
189,Boreal forest,11,0,0,0,15,1,0,0,5,0,0,0,31,1,0,0
190,Boreal forest,16,2,1,0,17,2,0,0,4,1,0,0,37,5,1,0
191,Boreal forest,14,0,0,0,24,1,0,0,3,0,0,0,41,1,0,0
192,Boreal forest,4,0,0,0,12,0,0,0,7,0,0,0,23,0,0,0
193,Boreal forest,3,0,0,0,13,0,0,0,2,0,0,0,18,0,0,0
194,Boreal forest,6,0,0,0,6,0,0,0,1,1,0,0,13,1,0,0
195,Boreal forest,2,0,0,0,5,0,0,0,3,0,0,0,10,0,0,0
196,Boreal forest,11,1,1,0,5,0,0,0,1,0,0,0,17,1,1,0
197,Boreal forest,5,0,0,0,7,0,0,0,3,0,0,0,15,0,0,0
198,Boreal forest,7,0,0,0,4,0,0,0,0,0,0,0,11,0,0,0
199,Boreal forest,9,1,0,0,7,0,0,0,6,0,0,0,22,1,0,0
200,Boreal forest,12,0,0,0,15,0,0,0,1,0,0,0,28,0,0,0
201,Boreal forest,13,0,0,0,7,0,0,0,2,0,0,0,22,0,0,0
202,Boreal forest,8,0,0,0,8,0,0,0,2,0,0,0,18,0,0,0
203,Boreal forest,8,0,0,0,5,0,0,0,1,0,0,0,14,0,0,0
204,Boreal forest,18,0,0,0,6,0,0,0,1,0,0,0,25,0,0,0
205,Boreal forest,4,1,0,1,3,0,0,0,2,0,0,0,9,1,0,1
206,Boreal forest,9,0,0,0,20,0,0,1,4,0,0,0,33,0,0,1
207,Boreal forest,4,0,0,0,8,0,0,0,4,0,0,0,16,0,0,0
208,Boreal forest,6,0,0,0,5,0,0,0,3,0,0,0,14,0,0,0
209,Boreal forest,4,0,0,0,3,0,0,0,4,0,0,0,11,0,0,0
210,Boreal forest,12,0,0,0,8,0,0,0,1,0,0,0,21,0,0,0
211,Boreal forest,12,1,0,0,17,0,0,1,4,0,0,0,33,1,0,1
212,Boreal forest,1,0,0,0,3,0,0,0,1,0,0,0,5,0,0,0
213,Boreal forest,13,0,2,0,10,1,0,0,3,0,0,0,26,1,2,0
214,Boreal forest,4,0,0,0,3,0,0,0,1,0,0,0,8,0,0,0
215,Boreal forest,3,0,0,0,4,0,0,0,5,0,0,0,12,0,0,0
216,Boreal forest,14,0,0,0,9,0,0,0,2,0,0,0,25,0,0,0
217,Boreal forest,19,1,0,0,15,0,0,0,3,0,0,0,37,1,0,0
218,Boreal forest,13,0,0,0,5,0,0,0,3,0,0,0,21,0,0,0
219,Boreal forest,17,0,0,0,15,0,0,0,5,0,0,0,37,0,0,0
220,Boreal forest,15,0,0,0,15,1,0,0,5,0,0,0,35,1,0,0
221,Boreal forest,3,0,0,0,6,0,0,0,0,0,0,0,9,0,0,0
222,Boreal forest,6,0,0,0,7,0,0,0,4,0,0,0,17,0,0,0
223,Boreal forest,5,0,0,0,5,0,0,0,1,0,0,0,11,0,0,0
224,Boreal forest,10,0,1,0,6,0,0,0,5,0,0,0,21,0,1,0
225,Boreal forest,6,1,0,0,5,0,0,0,5,0,0,0,16,1,0,0
226,Boreal forest,10,0,0,0,6,0,0,0,4,0,0,0,20,0,0,0
227,Boreal forest,8,0,0,0,6,1,0,1,3,0,0,0,17,1,0,1
228,Boreal forest,6,0,0,0,8,0,0,1,5,0,0,0,19,0,0,1
229,Boreal forest,14,1,0,1,12,1,0,0,4,0,0,0,30,2,0,1
230,Boreal forest,0,0,0,0,0,0,0,0,2,0,0,0,2,0,0,0
231,Boreal forest,6,1,0,0,4,0,0,0,1,0,0,0,11,1,0,0
232,Boreal forest,1,0,0,0,2,0,0,0,3,0,0,0,6,0,0,0
233,Boreal forest,7,0,0,0,5,1,0,0,1,0,0,0,13,1,0,0
234,Boreal forest,7,0,0,0,13,1,0,0,5,0,0,0,25,1,0,0
235,Boreal forest,17,1,0,0,21,0,0,0,2,0,0,0,40,1,0,0
236,Boreal forest,4,0,0,0,12,0,0,0,6,0,0,0,22,0,0,0
237,Boreal forest,6,0,0,0,5,0,0,0,4,0,0,0,15,0,0,0
238,Boreal forest,7,0,0,0,10,0,0,0,5,0,0,0,22,0,0,0
239,Boreal forest,10,0,0,0,7,0,0,0,5,0,0,0,22,0,0,0
240,Boreal forest,7,0,0,0,7,0,0,0,7,0,0,0,21,0,0,0
241,Boreal forest,11,0,0,0,21,0,0,0,6,0,0,0,38,0,0,0
242,Boreal forest,8,0,0,0,10,0,0,0,1,0,0,0,19,0,0,0
243,Boreal forest,2,0,0,0,6,0,0,0,3,0,0,0,11,0,0,0
244,Boreal forest,21,0,0,0,19,1,0,0,3,1,0,0,43,2,0,0
245,Boreal forest,21,0,0,0,24,1,0,0,4,0,0,0,49,1,0,0
246,Boreal forest,8,0,0,0,8,0,0,0,4,0,0,0,20,0,0,0
247,Boreal forest,5,0,0,0,14,0,0,1,3,0,0,0,22,0,0,1
248,Boreal forest,5,0,0,0,11,0,0,0,5,0,0,0,21,0,0,0
249,Boreal forest,14,0,0,1,23,0,0,0,8,0,0,0,45,0,0,1
250,Boreal forest,13,0,0,0,11,0,0,1,4,0,0,0,28,0,0,1
251,Boreal forest,7,0,0,0,11,0,0,0,5,0,0,0,23,0,0,0
252,Boreal forest,7,0,0,0,23,0,0,0,5,0,0,0,35,0,0,0
253,Boreal forest,10,0,0,0,19,0,0,0,6,0,0,0,35,0,0,0
254,Boreal forest,14,0,0,0,14,0,0,0,6,0,0,0,34,0,0,0
255,Boreal forest,12,0,0,0,8,0,0,0,5,0,0,0,25,0,0,0
256,Boreal forest,16,0,0,0,25,3,1,1,6,0,0,0,47,3,1,1
257,Boreal forest,13,0,0,0,22,0,0,0,6,0,0,0,41,0,0,0
258,Boreal forest,23,0,0,1,17,1,0,0,7,0,0,0,47,1,0,1
259,Boreal forest,3,0,0,0,6,0,0,0,5,0,0,0,14,0,0,0
260,Boreal forest,24,1,0,1,21,1,0,1,5,0,0,0,50,2,0,2
261,Boreal forest,17,0,0,0,19,1,0,0,1,0,0,0,37,1,0,0
262,Boreal forest,12,0,0,0,8,1,0,0,5,1,0,0,25,2,0,0
263,Boreal forest,13,0,0,0,27,0,0,0,4,0,0,0,44,0,0,0
264,Boreal forest,7,0,0,0,8,0,0,0,5,0,0,0,20,0,0,0
265,Boreal forest,12,1,0,0,12,0,0,0,4,0,0,0,28,1,0,0
266,Boreal forest,9,0,0,0,8,0,0,0,5,0,0,0,22,0,0,0
267,Boreal forest,7,0,0,0,5,0,0,0,4,0,0,0,16,0,0,0
268,Boreal forest,2,0,0,0,8,0,0,0,4,0,0,0,14,0,0,0
269,Boreal forest,12,0,0,0,10,1,0,0,4,0,0,0,26,1,0,0
270,Boreal forest,7,0,0,0,6,0,0,0,7,0,0,0,20,0,0,0
271,Boreal forest,14,0,0,0,16,0,0,0,6,0,0,0,36,0,0,0
272,Boreal forest,19,0,0,1,22,1,0,0,7,0,0,0,48,1,0,1
273,Boreal forest,8,0,0,0,14,1,0,0,3,0,0,0,25,1,0,0
274,Boreal forest,10,0,0,0,12,0,0,0,4,0,0,0,26,0,0,0
275,Boreal forest,17,0,0,0,18,3,0,0,4,0,0,0,39,3,0,0
276,Boreal forest,9,1,0,0,10,0,0,0,3,0,0,0,22,1,0,0
277,Boreal forest,3,0,0,0,8,0,0,0,3,0,0,0,14,0,0,0
278,Boreal forest,9,0,0,0,12,0,0,0,5,0,0,0,26,0,0,0
279,Boreal forest,5,0,0,0,6,0,0,0,5,0,0,0,16,0,0,0
280,Boreal forest,11,0,0,0,13,0,0,0,5,0,0,0,29,0,0,0
281,Boreal forest,5,0,0,0,6,0,0,0,4,0,0,0,15,0,0,0
282,Boreal forest,12,0,0,0,13,0,0,0,4,1,0,0,29,1,0,0
283,Boreal forest,13,0,0,0,14,0,0,0,6,0,0,0,33,0,0,0
284,Boreal forest,20,0,0,0,17,0,0,0,6,0,0,0,43,0,0,0
285,Boreal forest,19,0,0,0,15,0,0,0,6,0,0,0,40,0,0,0
286,Boreal forest,18,0,0,0,25,1,1,1,6,0,0,0,49,1,1,1
287,Boreal forest,12,0,0,0,18,1,0,0,6,0,0,0,36,1,0,0
288,Boreal forest,15,0,0,1,12,0,0,0,6,0,0,0,33,0,0,1
289,Boreal forest,12,0,0,0,8,0,0,0,7,0,0,0,27,0,0,0
290,Boreal forest,18,0,0,1,13,0,0,0,3,0,0,0,34,0,0,1
291,Boreal forest,19,0,0,0,22,2,0,0,1,0,0,0,42,2,0,0
292,Boreal forest,6,0,0,0,12,0,0,1,6,0,0,0,24,0,0,1
293,Boreal forest,13,0,0,1,9,0,0,0,3,0,0,0,25,0,0,1
294,Boreal forest,5,0,0,0,11,0,0,0,5,0,0,0,21,0,0,0
295,Boreal forest,12,0,0,0,8,0,0,0,7,0,0,0,27,0,0,0
296,Boreal forest,10,0,0,0,12,0,0,0,7,0,0,0,29,0,0,0
297,Boreal forest,5,0,0,0,7,0,0,0,4,0,0,0,16,0,0,0
298,Boreal forest,12,0,0,0,14,0,0,0,6,0,0,0,32,0,0,0
299,Boreal forest,9,0,0,0,8,0,0,0,4,0,0,0,21,0,0,0
300,Boreal forest,5,0,0,0,9,0,0,0,7,0,0,0,21,0,0,0
301,Boreal forest,9,0,0,1,14,0,0,0,4,0,0,0,27,0,0,1
302,Boreal forest,18,0,0,0,28,0,0,0,4,0,0,0,50,0,0,0
303,Boreal forest,6,0,0,0,14,0,0,0,5,0,0,0,25,0,0,0
304,Boreal forest,4,0,0,0,12,0,0,0,4,0,0,0,20,0,0,0
305,Boreal forest,5,0,0,0,13,0,0,0,6,0,0,0,24,0,0,0
306,Boreal forest,11,0,0,0,8,0,0,0,4,0,0,0,23,0,0,0
307,Boreal forest,8,0,0,0,10,0,0,0,4,0,0,0,22,0,0,0
308,Boreal forest,5,0,0,0,8,0,0,0,3,0,0,0,16,0,0,0
309,Boreal forest,11,0,0,0,14,0,0,0,5,0,0,0,30,0,0,0
310,Boreal forest,17,0,0,0,13,0,0,0,3,0,0,0,33,0,0,0
311,Boreal forest,3,0,0,0,4,0,0,0,4,0,0,0,11,0,0,0
312,Boreal forest,11,0,0,0,24,0,0,0,4,0,0,0,39,0,0,0
313,Boreal forest,7,0,0,0,18,0,0,0,6,0,0,0,31,0,0,0
314,Boreal forest,13,0,0,0,16,0,0,0,5,1,0,0,34,1,0,0
315,Boreal forest,22,0,0,0,23,0,0,0,4,0,0,0,49,0,0,0
316,Boreal forest,18,1,0,0,22,2,0,0,8,0,0,0,48,3,0,0
317,Boreal forest,4,0,0,0,16,0,0,0,3,0,0,0,23,0,0,0
318,Boreal forest,14,0,0,0,17,1,0,0,5,0,0,0,36,1,0,0
319,Boreal forest,9,0,0,0,12,0,0,0,3,0,0,0,24,0,0,0
320,Boreal forest,17,0,0,1,22,0,0,0,6,0,0,0,45,0,0,1
321,Boreal forest,18,0,0,0,21,0,0,0,0,0,0,0,39,0,0,0
322,Boreal forest,12,1,0,0,13,0,0,0,5,0,0,0,30,1,0,0
323,Boreal forest,16,0,0,0,10,0,0,0,6,0,0,0,32,0,0,0
324,Boreal forest,11,0,0,0,11,0,0,0,5,0,0,0,27,0,0,0
325,Boreal forest,11,0,0,0,9,0,0,0,4,0,0,0,24,0,0,0
326,Boreal forest,1,0,0,0,12,0,0,0,0,0,0,0,13,0,0,0
327,Boreal forest,6,0,0,0,5,0,0,0,4,0,0,0,15,0,0,0
328,Boreal forest,12,0,0,0,19,0,0,0,7,0,0,0,38,0,0,0
329,Boreal forest,2,0,0,0,4,0,0,0,1,0,0,0,7,0,0,0
330,Boreal forest,10,0,0,0,16,0,0,0,7,0,0,0,33,0,0,0
331,Boreal forest,6,0,0,0,11,0,0,0,6,0,0,0,23,0,0,0
332,Boreal forest,3,0,0,0,14,0,0,0,1,0,0,0,18,0,0,0
333,Boreal forest,5,0,0,0,17,0,0,0,9,1,0,0,31,1,0,0
334,Boreal forest,7,0,0,0,14,0,0,0,4,0,0,0,25,0,0,0
335,Boreal forest,20,0,0,0,22,0,0,0,6,0,0,0,48,0,0,0
336,Boreal forest,11,0,0,0,9,0,0,0,6,0,0,0,26,0,0,0
337,Boreal forest,12,0,0,0,9,0,0,0,5,0,0,0,26,0,0,0
338,Boreal forest,10,0,0,1,11,0,0,0,3,0,0,0,24,0,0,1
339,Boreal forest,3,0,0,0,7,0,0,1,4,0,0,0,14,0,0,1
340,Boreal forest,7,0,0,0,9,0,0,0,4,0,0,0,20,0,0,0
341,Boreal forest,14,0,0,0,20,0,0,1,4,0,0,0,38,0,0,1
342,Boreal forest,2,0,0,0,7,0,0,0,0,0,0,0,9,0,0,0
343,Boreal forest,9,0,0,0,12,1,1,0,7,0,0,0,28,1,1,0
344,Boreal forest,6,0,0,0,7,0,0,0,6,0,0,0,19,0,0,0
345,Boreal forest,18,0,0,0,15,1,0,0,5,0,0,0,38,1,0,0
346,Boreal forest,12,0,0,0,23,3,0,1,7,0,0,0,42,3,0,1
347,Boreal forest,14,1,0,0,15,0,1,0,7,0,0,0,36,1,1,0
348,Boreal forest,21,0,0,0,19,1,0,0,6,0,0,0,46,1,0,0
349,Boreal forest,14,0,0,0,16,0,0,1,7,0,0,0,37,0,0,1
350,Boreal forest,12,0,0,0,13,0,0,0,5,0,0,0,30,0,0,0
351,Boreal forest,17,0,0,0,13,0,0,0,3,0,0,0,33,0,0,0
352,Boreal forest,16,0,0,0,10,0,0,0,5,0,0,0,31,0,0,0
353,Boreal forest,11,0,0,0,11,0,0,0,5,0,0,0,27,0,0,0
354,Boreal forest,16,0,0,0,15,1,0,0,6,0,0,0,37,1,0,0
355,Boreal forest,8,0,0,0,11,0,0,0,6,0,0,0,25,0,0,0
356,Boreal forest,0,0,0,0,8,0,0,0,2,0,0,0,10,0,0,0
357,Boreal forest,7,0,0,0,11,0,0,0,3,0,0,0,21,0,0,0
358,Boreal forest,17,0,0,0,14,0,0,0,6,0,0,0,37,0,0,0
359,Boreal forest,6,0,0,0,17,0,0,0,5,0,0,0,28,0,0,0
360,Boreal forest,3,0,1,0,13,0,0,0,2,0,0,0,18,0,1,0
361,Boreal forest,1,0,0,0,9,0,0,0,3,0,0,0,13,0,0,0
362,Boreal forest,4,0,0,0,12,0,1,1,5,0,0,0,21,0,1,1
363,Boreal forest,1,0,0,0,6,0,1,0,0,0,0,0,7,0,1,0
364,Boreal forest,5,0,0,0,10,0,2,0,4,0,0,0,19,0,2,0
365,Boreal forest,7,1,0,0,12,0,1,0,6,0,0,0,25,1,1,0
366,Boreal forest,7,0,0,0,15,0,1,0,7,1,0,0,29,1,1,0
367,Boreal forest,12,1,2,0,14,2,0,1,5,0,0,0,31,3,2,1
368,Boreal forest,5,0,0,0,9,0,0,0,5,0,0,0,19,0,0,0
369,Boreal forest,4,0,0,0,17,0,0,0,5,0,0,1,26,0,0,1
370,Boreal forest,3,0,0,0,12,0,0,0,4,0,0,0,19,0,0,0
371,Boreal forest,6,0,0,0,12,0,0,0,4,0,0,0,22,0,0,0
372,Boreal forest,2,0,0,0,14,0,0,0,1,0,0,0,17,0,0,0
373,Boreal forest,3,0,0,0,8,0,0,0,6,0,0,0,17,0,0,0
374,Boreal forest,13,0,0,0,12,0,0,0,6,0,0,0,31,0,0,0
375,Boreal forest,9,0,0,0,13,0,0,0,8,0,0,0,30,0,0,0
376,Boreal forest,18,1,0,0,17,0,0,0,7,0,0,0,42,1,0,0
377,Boreal forest,7,0,0,0,13,0,0,0,10,0,0,0,30,0,0,0
378,Boreal forest,8,0,0,0,13,0,0,0,6,0,0,0,27,0,0,0
379,Boreal forest,3,0,1,0,10,0,1,0,1,0,0,0,14,0,2,0
380,Boreal forest,6,0,0,0,7,0,0,0,4,1,0,0,17,1,0,0
381,Boreal forest,8,0,0,0,12,0,0,0,3,0,0,0,23,0,0,0
382,Boreal forest,16,0,1,1,14,1,0,0,5,0,0,0,35,1,1,1
383,Boreal forest,2,0,0,0,12,0,0,0,4,0,0,0,18,0,0,0
384,Boreal forest,10,0,0,0,18,0,0,0,7,1,0,0,35,1,0,0
385,Boreal forest,8,1,1,0,10,0,1,0,3,0,0,0,21,1,2,0
386,Boreal forest,8,0,0,0,11,0,1,0,4,0,0,0,23,0,1,0
387,Boreal forest,4,0,0,0,16,0,0,0,3,0,0,0,23,0,0,0
388,Boreal forest,14,0,0,0,17,0,0,0,3,0,0,0,34,0,0,0
389,Boreal forest,2,0,2,0,15,0,1,0,1,0,0,0,18,0,3,0
581,Boreal forest,0,0,0,0,3,0,0,0,4,0,0,0,7,0,0,0
582,Boreal forest,1,0,0,0,5,0,0,0,3,0,0,0,9,0,0,0
583,Boreal forest,4,0,0,0,5,0,0,0,3,0,0,0,12,0,0,0
584,Boreal forest,3,0,0,0,12,2,0,0,4,0,0,0,19,2,0,0
585,Boreal forest,3,0,0,0,7,1,0,0,3,0,0,0,13,1,0,0
586,Boreal forest,0,0,0,0,7,3,0,0,0,0,0,0,7,3,0,0
587,Boreal forest,1,0,0,0,8,2,0,0,0,0,0,0,9,2,0,0
588,Boreal forest,9,1,0,0,8,0,0,0,3,0,0,0,20,1,0,0
589,Boreal forest,7,0,0,0,3,0,0,0,5,0,0,0,15,0,0,0
590,Boreal forest,4,0,0,0,9,1,1,0,1,0,0,0,14,1,1,0
591,Boreal forest,6,1,0,0,6,1,0,0,5,0,0,0,17,2,0,0
592,Boreal forest,2,0,0,0,2,0,0,0,2,1,0,0,6,1,0,0
593,Boreal forest,5,0,0,0,6,0,0,0,2,0,0,0,13,0,0,0
594,Boreal forest,1,0,0,0,15,1,0,0,0,0,0,0,16,1,0,0
595,Boreal forest,4,1,0,0,3,0,0,0,4,0,0,0,11,1,0,0
596,Boreal forest,6,0,0,0,5,0,0,0,4,0,0,0,15,0,0,0
597,Boreal forest,6,0,0,0,7,0,0,0,4,0,0,0,17,0,0,0
598,Boreal forest,8,0,0,0,6,0,0,0,2,0,0,0,16,0,0,0
599,Boreal forest,5,1,0,0,17,1,0,0,0,0,0,0,22,2,0,0
600,Boreal forest,3,0,0,0,5,0,0,0,0,0,0,0,8,0,0,0
601,Boreal forest,2,0,0,0,5,0,0,0,0,0,0,0,7,0,0,0
602,Boreal forest,2,0,0,0,0,0,0,0,5,0,0,0,7,0,0,0
603,Boreal forest,6,0,0,0,4,0,0,0,6,0,0,0,16,0,0,0
604,Boreal forest,7,1,0,0,3,0,1,0,3,0,0,0,13,1,1,0
605,Boreal forest,6,0,0,0,6,0,1,0,3,0,0,0,15,0,1,0
606,Boreal forest,2,0,0,0,6,0,0,0,2,1,0,0,10,1,0,0
607,Boreal forest,4,0,0,0,6,1,0,1,3,0,0,0,13,1,0,1
608,Boreal forest,2,0,0,0,9,0,0,1,1,0,0,0,12,0,0,1
609,Boreal forest,3,0,0,0,3,0,0,0,4,0,0,0,10,0,0,0
610,Boreal forest,3,0,0,0,6,0,0,0,1,0,0,0,10,0,0,0
611,Boreal forest,2,0,0,0,3,0,0,0,1,0,0,0,6,0,0,0
612,Boreal forest,8,1,0,0,7,0,0,0,0,0,0,0,15,1,0,0
613,Boreal forest,2,0,0,0,3,0,0,0,0,0,0,0,5,0,0,0
614,Boreal forest,1,0,0,0,3,0,0,0,0,0,0,0,4,0,0,0
615,Boreal forest,0,0,0,0,5,0,0,0,0,0,0,0,5,0,0,0
616,Boreal forest,1,0,0,0,3,0,0,0,0,0,0,0,4,0,0,0
617,Boreal forest,3,0,0,0,9,0,0,0,0,0,0,0,12,0,0,0
618,Boreal forest,2,0,0,0,3,0,0,0,1,0,0,0,6,0,0,0
619,Boreal forest,2,0,0,0,5,0,0,0,0,0,0,0,7,0,0,0
620,Boreal forest,1,0,0,0,3,0,0,0,0,0,0,0,4,0,0,0
621,Boreal forest,0,0,0,0,3,0,0,0,0,0,0,0,3,0,0,0
622,Boreal forest,1,1,0,0,15,3,0,1,0,0,0,0,16,4,0,1
623,Boreal forest,1,0,0,0,3,0,0,0,5,0,0,0,9,0,0,0
624,Boreal forest,3,0,0,0,2,0,0,0,2,0,0,0,7,0,0,0
625,Boreal forest,7,0,0,0,9,1,0,0,2,0,0,0,18,1,0,0
626,Boreal forest,6,0,0,0,10,1,0,1,2,0,0,0,18,1,0,1
627,Boreal forest,3,0,0,0,8,0,0,0,0,0,0,0,11,0,0,0
628,Boreal forest,3,0,0,0,9,0,0,0,1,0,0,0,13,0,0,0
629,Boreal forest,1,0,0,0,5,0,0,0,0,0,0,0,6,0,0,0
630,Boreal forest,5,1,0,0,4,0,0,0,3,1,0,0,12,2,0,0
631,Boreal forest,6,1,0,0,2,0,0,0,4,0,0,0,12,1,0,0
632,Boreal forest,4,1,0,0,4,0,0,0,2,0,0,0,10,1,0,0
633,Boreal forest,6,0,0,0,2,0,0,0,3,0,0,0,11,0,0,0
634,Boreal forest,4,0,0,0,3,0,0,0,3,0,0,0,10,0,0,0
635,Boreal forest,6,0,0,0,6,1,0,0,5,0,0,0,17,1,0,0
636,Boreal forest,1,0,0,0,2,1,0,0,3,0,0,0,6,1,0,0
637,Boreal forest,4,1,0,0,8,0,0,0,2,0,0,0,14,1,0,0
638,Boreal forest,0,1,0,0,3,0,0,0,2,0,0,0,5,1,0,0
639,Boreal forest,5,0,0,0,5,0,0,0,1,0,0,0,11,0,0,0
640,Boreal forest,4,0,0,0,4,0,0,0,3,0,0,0,11,0,0,0
641,Boreal forest,6,0,0,0,3,0,0,0,3,1,0,0,12,1,0,0
642,Boreal forest,1,1,0,0,3,0,0,0,3,0,0,0,7,1,0,0
643,Boreal forest,2,0,0,0,2,0,0,0,0,0,0,0,4,0,0,0
664,Boreal forest,3,0,0,0,14,1,0,0,0,0,0,0,17,1,0,0
665,Boreal forest,8,0,0,0,12,1,1,0,0,0,0,0,20,1,1,0
666,Boreal forest,8,1,0,0,15,0,0,0,0,0,0,0,23,1,0,0
667,Boreal forest,5,0,0,0,18,1,0,0,0,0,0,0,23,1,0,0
668,Boreal forest,4,0,0,0,7,0,0,0,0,0,0,0,11,0,0,0
669,Boreal forest,4,0,0,0,7,0,0,0,0,0,0,0,11,0,0,0
670,Boreal forest,3,0,0,0,19,1,0,0,0,0,0,0,22,1,0,0
671,Boreal forest,8,0,0,0,9,2,0,0,0,0,0,0,17,2,0,0
672,Boreal forest,8,0,0,1,11,0,0,0,0,0,0,0,19,0,0,1
673,Boreal forest,6,0,0,0,15,1,0,0,1,0,0,0,22,1,0,0
674,Boreal forest,4,0,0,0,14,2,0,0,0,0,0,0,18,2,0,0
675,Boreal forest,7,0,0,0,14,1,0,0,0,0,0,0,21,1,0,0
676,Boreal forest,7,0,0,0,13,0,0,0,2,0,0,0,22,0,0,0
677,Boreal forest,1,0,0,0,3,0,0,0,4,0,0,0,8,0,0,0
678,Boreal forest,4,0,0,0,3,0,0,0,1,0,0,0,8,0,0,0
679,Boreal forest,4,0,0,0,5,0,0,0,0,0,0,0,9,0,0,0
680,Boreal forest,4,0,0,0,19,1,0,0,0,0,0,0,23,1,0,0
681,Boreal forest,4,0,0,0,6,0,0,0,0,0,0,0,10,0,0,0
682,Boreal forest,8,1,0,0,17,3,0,1,0,0,0,0,25,4,0,1
683,Boreal forest,1,0,0,0,5,0,0,0,0,0,0,0,6,0,0,0
684,Boreal forest,2,1,0,0,5,0,0,0,2,0,0,0,9,1,0,0
691,Boreal forest,3,1,0,0,2,0,0,0,4,0,0,0,9,1,0,0
692,Boreal forest,1,0,0,0,2,0,0,0,2,0,0,0,5,0,0,0
693,Boreal forest,1,0,0,0,1,0,0,0,5,0,0,0,7,0,0,0
694,Boreal forest,5,0,0,0,2,0,0,0,1,0,0,0,8,0,0,0
695,Boreal forest,0,0,0,0,3,0,0,0,2,0,0,0,5,0,0,0
696,Boreal forest,2,0,0,0,2,0,0,0,2,0,0,0,6,0,0,0
697,Boreal forest,3,0,0,0,5,0,0,0,5,0,0,0,13,0,0,0
698,Boreal forest,10,1,0,0,20,5,0,0,0,0,0,0,30,6,0,0
699,Boreal forest,8,0,0,0,18,2,0,0,0,0,0,0,26,2,0,0
700,Boreal forest,5,0,0,0,12,1,0,0,1,0,0,0,18,1,0,0
701,Boreal forest,7,0,0,0,7,0,0,0,6,0,0,0,20,0,0,0
702,Boreal forest,1,0,0,0,11,1,0,0,1,1,0,0,13,2,0,0
703,Boreal forest,3,0,0,0,13,0,0,0,1,0,0,0,17,0,0,0
704,Boreal forest,0,0,0,0,4,0,0,0,0,0,0,0,4,0,0,0
705,Boreal forest,11,1,0,0,23,0,0,1,0,0,0,0,34,1,0,1
706,Boreal forest,8,0,0,0,13,0,0,0,3,0,0,0,24,0,0,0
707,Boreal forest,6,0,0,0,8,1,0,1,4,0,0,0,18,1,0,1
708,Boreal forest,7,1,0,0,15,0,0,0,0,0,0,0,22,1,0,0
709,Boreal forest,4,0,0,0,7,1,0,0,0,0,0,0,11,1,0,0
710,Boreal forest,6,0,0,0,15,0,0,1,2,0,0,0,23,0,0,1
711,Boreal forest,0,0,0,0,3,0,0,1,0,0,0,0,3,0,0,1
712,Boreal forest,4,1,0,0,10,0,0,0,0,0,0,0,14,1,0,0
713,Boreal forest,2,0,0,0,4,0,0,0,2,0,0,0,8,0,0,0
714,Boreal forest,7,0,0,0,9,1,0,0,2,0,0,0,18,1,0,0
715,Boreal forest,2,1,0,0,11,0,0,0,4,0,0,0,17,1,0,0
716,Boreal forest,3,0,0,0,7,1,0,0,2,0,0,0,12,1,0,0
717,Boreal forest,2,0,0,0,4,0,0,0,1,0,0,0,7,0,0,0
718,Boreal forest,1,0,0,0,12,2,0,1,0,0,0,0,13,2,0,1
719,Boreal forest,3,0,0,0,16,0,1,0,2,0,0,0,21,0,1,0
720,Boreal forest,1,0,0,0,11,0,0,1,2,0,0,0,14,0,0,1
721,Boreal forest,1,0,0,0,7,0,0,0,4,0,0,0,12,0,0,0
722,Boreal forest,3,1,0,0,10,0,0,0,1,0,0,0,14,1,0,0
723,Boreal forest,0,0,0,0,5,0,0,0,0,0,0,0,5,0,0,0
724,Boreal forest,2,0,0,0,5,0,0,0,0,0,0,0,7,0,0,0
725,Boreal forest,2,0,0,0,13,0,0,0,1,0,0,0,16,0,0,0
726,Boreal forest,1,0,0,0,12,0,0,0,1,0,0,0,14,0,0,0
727,Boreal forest,0,0,0,0,5,0,0,0,1,0,0,0,6,0,0,0
728,Boreal forest,6,0,0,0,9,0,0,0,0,0,0,0,15,0,0,0
729,Boreal forest,3,1,0,0,12,0,0,0,3,0,0,0,18,1,0,0
730,Boreal forest,4,2,0,0,13,1,0,0,2,0,0,0,19,3,0,0
731,Boreal forest,2,0,0,0,9,0,0,0,0,0,0,0,11,0,0,0
732,Boreal forest,1,0,0,0,9,0,0,0,0,0,0,0,10,0,0,0
733,Boreal forest,3,0,0,0,7,0,0,0,0,0,0,0,10,0,0,0
734,Boreal forest,4,0,0,0,11,0,0,0,1,0,0,0,16,0,0,0
735,Boreal forest,4,0,0,0,14,0,0,0,2,0,0,0,20,0,0,0
736,Boreal forest,4,0,0,0,10,0,0,0,4,0,0,0,18,0,0,0
737,Boreal forest,3,0,0,2,10,0,0,0,4,0,0,0,17,0,0,2
738,Boreal forest,2,0,0,0,11,0,0,0,1,1,0,0,14,1,0,0
739,Boreal forest,2,0,0,0,8,0,0,0,0,0,0,0,10,0,0,0
740,Boreal forest,10,1,0,0,25,0,1,0,4,0,0,0,39,1,1,0
741,Boreal forest,4,0,0,0,9,0,0,0,1,0,0,0,14,0,0,0
742,Boreal forest,5,0,0,0,7,0,0,0,1,0,0,0,13,0,0,0
743,Boreal forest,2,0,0,0,8,0,0,0,1,1,0,0,11,1,0,0
744,Boreal forest,8,0,0,0,11,0,0,0,6,0,0,0,25,0,0,0
745,Boreal forest,1,0,0,0,6,0,0,0,2,0,0,0,9,0,0,0
746,Boreal forest,0,0,0,0,3,1,0,0,1,0,0,0,4,1,0,0
903,Boreal forest,16,0,0,1,11,1,0,0,3,0,0,0,30,1,0,1
904,Boreal forest,16,0,0,0,8,0,0,0,5,0,0,0,29,0,0,0
905,Boreal forest,8,0,0,1,7,0,0,0,2,0,0,0,17,0,0,1
906,Boreal forest,1,0,0,0,3,0,0,0,3,0,0,0,7,0,0,0
907,Boreal forest,8,2,2,0,13,0,1,0,4,0,0,1,25,2,3,1
908,Boreal forest,9,0,2,0,10,0,0,0,5,0,0,0,24,0,2,0
909,Boreal forest,0,0,0,0,6,0,0,3,0,0,1,1,6,0,1,4
910,Boreal forest,9,1,1,0,6,0,0,0,6,0,0,3,21,1,1,3
911,Boreal forest,8,0,0,0,3,1,0,0,6,1,0,1,17,2,0,1
912,Boreal forest,10,0,1,0,8,0,0,0,7,1,1,0,25,1,2,0
913,Boreal forest,11,0,0,0,3,0,0,0,4,1,0,0,18,1,0,0
914,Boreal forest,15,0,0,0,7,0,0,0,6,0,0,0,28,0,0,0
915,Boreal forest,5,0,0,0,7,0,0,0,5,1,0,0,17,1,0,0
916,Boreal forest,15,0,0,0,10,0,0,0,3,0,0,0,28,0,0,0
917,Boreal forest,18,0,0,0,10,0,0,0,5,0,0,0,33,0,0,0
918,Boreal forest,7,0,0,0,7,0,0,0,4,0,0,0,18,0,0,0
919,Boreal forest,6,0,0,0,5,0,0,2,6,1,0,0,17,1,0,2
920,Boreal forest,11,1,0,0,11,0,0,0,4,1,0,0,26,2,0,0
921,Boreal forest,7,0,0,0,2,0,0,0,8,0,0,2,17,0,0,2
922,Boreal forest,11,1,0,0,4,0,0,1,4,0,0,1,19,1,0,2
923,Boreal forest,14,1,0,0,4,0,0,1,8,0,0,1,26,1,0,2
924,Boreal forest,6,0,0,0,1,0,0,0,5,1,0,1,12,1,0,1
925,Boreal forest,11,1,0,0,2,0,0,0,5,0,0,1,18,1,0,1
926,Boreal forest,9,1,0,0,6,0,0,1,4,0,0,0,19,1,0,1
927,Boreal forest,10,0,0,0,8,0,0,0,4,0,0,0,22,0,0,0
928,Boreal forest,11,0,0,0,7,0,0,0,2,1,0,0,20,1,0,0
929,Boreal forest,17,0,0,0,6,0,0,0,6,0,0,0,29,0,0,0
930,Boreal forest,13,1,0,0,11,0,0,1,4,2,0,1,28,3,0,2
932,Boreal forest,0,1,0,0,0,0,0,0,0,0,0,0,0,1,0,0
1056,Boreal forest,16,0,0,0,30,0,1,0,0,0,0,0,46,0,1,0
1057,Boreal forest,7,0,0,1,14,0,2,0,0,0,0,0,21,0,2,1
1058,Boreal forest,14,0,0,0,21,2,2,1,0,0,0,0,35,2,2,1
1059,Boreal forest,10,0,0,0,20,0,2,0,0,0,0,0,30,0,2,0
1060,Boreal forest,8,0,0,1,23,2,0,0,1,0,0,0,32,2,0,1
1061,Boreal forest,9,0,0,0,22,0,1,0,0,0,0,0,31,0,1,0
1062,Boreal forest,4,0,0,0,19,0,0,0,0,0,0,0,23,0,0,0
1063,Boreal forest,8,0,0,0,19,1,1,0,0,0,0,0,27,1,1,0
1064,Boreal forest,12,0,0,0,31,2,0,1,2,1,0,0,45,3,0,1
1065,Boreal forest,11,0,0,0,21,1,0,0,1,0,0,0,33,1,0,0
1066,Boreal forest,15,0,0,1,19,0,0,0,0,0,0,0,34,0,0,1
1067,Boreal forest,10,0,0,0,15,0,0,0,2,0,0,0,27,0,0,0
1068,Boreal forest,16,0,0,0,25,0,0,0,3,0,0,0,44,0,0,0
1069,Boreal forest,9,0,0,0,11,0,0,0,1,0,0,0,21,0,0,0
1070,Boreal forest,10,0,0,0,9,0,0,0,0,0,0,0,19,0,0,0
1071_1,Boreal forest,10,1,0,0,11,0,0,0,0,0,0,0,21,1,0,0
390,Mixed forest,3,0,0,0,9,0,0,0,0,0,0,0,12,0,0,0
391,Mixed forest,3,1,0,0,11,0,0,0,0,0,0,0,14,1,0,0
392,Mixed forest,3,0,0,0,8,0,0,0,0,0,0,0,11,0,0,0
393,Mixed forest,2,0,0,0,7,0,0,0,0,0,0,0,9,0,0,0
394,Mixed forest,2,0,0,0,9,1,0,0,0,0,0,0,11,1,0,0
395,Mixed forest,4,0,0,0,17,0,0,1,0,0,0,0,21,0,0,1
396,Mixed forest,4,0,0,0,14,0,0,1,0,0,0,0,18,0,0,1
397,Mixed forest,2,0,0,0,12,0,0,0,0,0,0,0,14,0,0,0
398,Mixed forest,5,0,0,0,11,0,0,0,0,0,0,0,16,0,0,0
399,Mixed forest,4,0,0,0,13,0,0,0,0,0,0,0,17,0,0,0
400,Mixed forest,1,0,0,0,11,0,0,0,0,0,0,0,12,0,0,0
401,Mixed forest,2,0,0,0,12,0,0,0,0,0,0,0,14,0,0,0
402,Mixed forest,3,0,0,0,14,0,0,0,0,0,0,0,17,0,0,0
403,Mixed forest,6,0,0,0,13,0,0,0,0,0,0,0,19,0,0,0
404,Mixed forest,5,1,0,0,17,0,0,1,0,0,0,0,22,1,0,1
405,Mixed forest,5,0,0,0,13,0,0,0,0,0,0,0,18,0,0,0
406,Mixed forest,4,0,0,0,10,0,0,0,0,0,0,0,14,0,0,0
407,Mixed forest,5,0,0,0,13,0,0,0,0,0,0,0,18,0,0,0
408,Mixed forest,3,0,0,0,13,1,0,0,0,0,0,0,16,1,0,0
409,Mixed forest,6,0,0,0,11,0,0,0,0,0,0,0,17,0,0,0
410,Mixed forest,2,0,0,0,10,0,0,0,0,0,0,0,12,0,0,0
411,Mixed forest,3,1,0,0,14,1,0,0,0,0,0,0,17,2,0,0
412,Mixed forest,2,0,0,0,6,1,0,0,0,0,0,0,8,1,0,0
413,Mixed forest,4,0,0,0,8,0,0,0,0,0,0,0,12,0,0,0
414,Mixed forest,4,0,0,0,12,0,0,0,0,0,0,0,16,0,0,0
415,Mixed forest,8,0,0,0,15,0,0,0,0,0,0,0,23,0,0,0
416,Mixed forest,4,0,0,0,10,0,0,0,0,0,0,0,14,0,0,0
417,Mixed forest,4,1,0,0,12,0,0,0,0,0,0,0,16,1,0,0
418,Mixed forest,4,0,0,0,10,0,0,0,0,0,0,0,14,0,0,0
419,Mixed forest,8,0,0,0,16,0,0,0,0,0,0,0,24,0,0,0
420,Mixed forest,5,0,0,0,13,0,0,0,0,0,0,0,18,0,0,0
421,Mixed forest,6,0,0,0,14,0,0,0,0,0,0,0,20,0,0,0
422,Mixed forest,6,1,0,0,18,0,0,0,0,0,0,0,24,1,0,0
423,Mixed forest,3,0,0,0,14,0,0,0,0,0,0,0,17,0,0,0
424,Mixed forest,7,0,0,0,18,0,0,0,0,0,0,0,25,0,0,0
425,Mixed forest,5,0,0,0,18,0,0,0,0,0,0,0,23,0,0,0
426,Mixed forest,7,1,0,0,15,1,0,0,0,0,0,0,22,2,0,0
427,Mixed forest,6,1,0,0,18,0,0,0,0,0,0,0,24,1,0,0
428,Mixed forest,7,0,0,0,14,0,0,0,0,0,0,0,21,0,0,0
429,Mixed forest,5,1,0,0,16,0,0,0,0,0,0,0,21,1,0,0
430,Mixed forest,5,0,0,0,10,0,0,0,0,0,0,0,15,0,0,0
431,Mixed forest,5,0,0,0,13,1,0,0,0,0,0,0,18,1,0,0
432,Mixed forest,7,0,0,0,13,0,0,0,0,0,0,0,20,0,0,0
433,Mixed forest,4,1,0,0,12,0,0,0,0,0,0,0,16,1,0,0
434,Mixed forest,5,1,0,0,14,1,0,0,0,0,0,0,19,2,0,0
435,Mixed forest,8,1,0,0,20,3,0,0,0,0,0,0,28,4,0,0
436,Mixed forest,6,1,0,0,16,0,0,0,0,0,0,0,22,1,0,0
437,Mixed forest,6,0,0,0,13,0,0,0,0,0,0,0,19,0,0,0
438,Mixed forest,6,1,0,0,17,0,0,0,0,0,0,0,23,1,0,0
439,Mixed forest,6,1,0,0,18,1,0,0,0,0,0,0,24,2,0,0
440,Mixed forest,4,1,0,0,12,0,0,0,0,0,0,0,16,1,0,0
441,Mixed forest,5,1,0,0,13,0,0,0,0,0,0,0,18,1,0,0
442,Mixed forest,2,1,0,0,13,0,0,0,0,0,0,0,15,1,0,0
443,Mixed forest,1,0,0,0,11,0,0,0,0,0,0,0,12,0,0,0
444,Mixed forest,4,1,0,0,17,0,0,0,0,0,0,0,21,1,0,0
445,Mixed forest,8,1,0,0,13,0,0,0,0,0,0,0,21,1,0,0
446,Mixed forest,5,0,0,0,13,0,0,0,0,0,0,0,18,0,0,0
447,Mixed forest,5,0,0,0,11,0,0,0,0,0,0,0,16,0,0,0
448,Mixed forest,5,1,0,0,12,0,0,0,0,0,0,0,17,1,0,0
449,Mixed forest,5,1,0,0,13,1,0,0,0,0,0,0,18,2,0,0
450,Mixed forest,5,0,0,0,7,0,0,0,0,0,0,0,12,0,0,0
451,Mixed forest,3,0,0,0,10,0,0,0,0,0,0,0,13,0,0,0
452,Mixed forest,4,1,0,0,14,0,0,0,0,0,0,0,18,1,0,0
453,Mixed forest,6,1,0,0,11,0,0,0,0,0,0,0,17,1,0,0
454,Mixed forest,6,0,0,0,16,0,0,0,0,0,0,0,22,0,0,0
455,Mixed forest,6,0,0,0,20,2,0,0,0,0,0,0,26,2,0,0
456,Mixed forest,7,1,0,0,18,0,0,1,0,0,0,0,25,1,0,1
457,Mixed forest,7,0,0,0,16,0,0,0,0,0,0,0,23,0,0,0
458,Mixed forest,6,0,0,0,13,0,0,0,0,0,0,0,19,0,0,0
459,Mixed forest,5,0,0,0,11,0,0,0,0,0,0,0,16,0,0,0
460,Mixed forest,6,0,0,0,19,0,0,0,0,0,0,0,25,0,0,0
461,Mixed forest,5,1,0,0,14,0,0,0,0,0,0,0,19,1,0,0
462,Mixed forest,7,1,0,0,14,0,0,0,0,0,0,0,21,1,0,0
463,Mixed forest,3,0,0,0,15,0,0,0,0,0,0,0,18,0,0,0
464,Mixed forest,6,0,0,0,19,1,0,0,0,0,0,0,25,1,0,0
465,Mixed forest,6,1,0,0,17,0,0,1,0,0,0,0,23,1,0,1
466,Mixed forest,5,0,0,0,12,0,0,0,0,0,0,0,17,0,0,0
467,Mixed forest,4,0,0,0,14,0,0,0,0,0,0,0,18,0,0,0
468,Mixed forest,3,0,0,0,11,0,0,0,0,0,0,0,14,0,0,0
469,Mixed forest,7,0,0,0,8,0,0,0,0,0,0,0,15,0,0,0
470,Mixed forest,5,0,0,0,8,1,0,0,0,0,0,0,13,1,0,0
471,Mixed forest,4,0,0,0,10,0,0,0,0,0,0,0,14,0,0,0
472,Mixed forest,4,0,0,0,9,1,0,0,0,0,0,0,13,1,0,0
473,Mixed forest,4,0,0,0,10,0,0,0,0,0,0,0,14,0,0,0
474,Mixed forest,5,0,0,0,10,0,0,0,0,0,0,0,15,0,0,0
475,Mixed forest,4,1,0,1,14,0,0,0,0,0,0,0,18,1,0,1
476,Mixed forest,7,0,0,0,17,1,0,1,0,0,0,0,24,1,0,1
477,Mixed forest,8,1,0,0,17,0,0,0,0,0,0,0,25,1,0,0
478,Mixed forest,4,1,0,0,12,1,0,0,0,0,0,0,16,2,0,0
479,Mixed forest,7,0,0,0,11,0,0,0,0,0,0,0,18,0,0,0
480,Mixed forest,4,0,0,0,9,1,0,0,0,0,0,0,13,1,0,0
481,Mixed forest,3,0,0,0,11,0,0,0,0,0,0,0,14,0,0,0
482,Mixed forest,3,0,0,0,10,0,0,0,0,0,0,0,13,0,0,0
483,Mixed forest,3,0,0,0,8,0,0,0,0,0,0,0,11,0,0,0
484,Mixed forest,2,0,0,0,13,0,0,0,0,0,0,0,15,0,0,0
485,Mixed forest,5,0,0,0,10,0,0,0,0,0,0,0,15,0,0,0
486,Mixed forest,7,0,0,0,10,0,0,0,0,0,0,0,17,0,0,0
487,Mixed forest,5,0,0,0,10,0,0,0,0,0,0,0,15,0,0,0
488,Mixed forest,5,0,0,0,14,0,0,0,0,0,0,0,19,0,0,0
489,Mixed forest,4,0,0,0,8,0,0,0,0,0,0,0,12,0,0,0
490,Mixed forest,3,0,0,0,11,0,0,0,0,0,0,0,14,0,0,0
491,Mixed forest,5,0,0,0,12,0,0,0,0,0,0,0,17,0,0,0
492,Mixed forest,3,0,0,0,10,0,0,0,0,0,0,0,13,0,0,0
493,Mixed forest,3,0,0,0,14,1,0,0,0,0,0,0,17,1,0,0
494,Mixed forest,2,0,0,0,17,0,0,0,0,0,0,0,19,0,0,0
495,Mixed forest,4,0,0,0,12,0,0,0,0,0,0,0,16,0,0,0
496,Mixed forest,9,0,0,0,16,0,0,0,0,0,0,0,25,0,0,0
497,Mixed forest,5,0,0,0,14,0,0,0,0,0,0,0,19,0,0,0
498,Mixed forest,8,0,0,0,14,1,0,0,0,0,0,0,22,1,0,0
499,Mixed forest,6,0,0,0,18,1,0,0,0,0,0,0,24,1,0,0
500,Mixed forest,8,0,0,0,11,0,0,0,0,0,0,0,19,0,0,0
501,Mixed forest,4,0,0,0,9,0,0,0,0,0,0,0,13,0,0,0
502,Mixed forest,4,0,0,0,10,0,0,0,0,0,0,0,14,0,0,0
503,Mixed forest,4,0,0,0,13,0,0,0,0,0,0,0,17,0,0,0
504,Mixed forest,4,0,0,0,10,0,0,0,0,0,0,0,14,0,0,0
505,Mixed forest,7,0,0,0,13,0,0,0,0,0,0,0,20,0,0,0
506,Mixed forest,6,0,0,0,14,0,0,0,0,0,0,0,20,0,0,0
507,Mixed forest,5,1,0,0,15,1,0,0,0,0,0,0,20,2,0,0
508,Mixed forest,7,0,0,0,15,0,0,0,0,0,0,0,22,0,0,0
509,Mixed forest,7,0,0,0,12,0,0,0,0,0,0,0,19,0,0,0
510,Mixed forest,2,0,0,0,11,0,0,0,0,0,0,0,13,0,0,0
511,Mixed forest,1,0,0,0,13,0,0,0,0,0,0,0,14,0,0,0
512,Mixed forest,3,0,0,0,15,1,0,0,0,0,0,0,18,1,0,0
513,Mixed forest,5,0,0,0,16,0,0,0,0,0,0,0,21,0,0,0
514,Mixed forest,1,0,0,0,10,0,0,0,0,0,0,0,11,0,0,0
515,Mixed forest,2,0,0,0,11,1,0,0,0,0,0,0,13,1,0,0
516,Mixed forest,5,1,0,0,14,1,0,0,0,0,0,0,19,2,0,0
517,Mixed forest,4,1,0,0,16,0,0,0,0,0,0,0,20,1,0,0
518,Mixed forest,6,1,0,0,14,1,0,0,0,0,0,0,20,2,0,0
519,Mixed forest,6,0,0,0,17,0,0,0,0,0,0,0,23,0,0,0
520,Mixed forest,4,0,0,0,17,1,0,0,0,0,0,0,21,1,0,0
521,Mixed forest,3,0,0,0,15,0,0,0,0,0,0,0,18,0,0,0
522,Mixed forest,4,1,0,0,15,0,0,0,0,0,0,0,19,1,0,0
523,Mixed forest,3,0,0,0,15,1,0,0,0,0,0,0,18,1,0,0
524,Mixed forest,4,2,0,0,16,0,0,0,0,0,0,0,20,2,0,0
525,Mixed forest,5,0,0,0,16,1,0,0,0,0,0,0,21,1,0,0
526,Mixed forest,4,2,0,0,16,1,0,0,0,0,0,0,20,3,0,0
527,Mixed forest,3,1,0,0,15,0,0,0,0,0,0,0,18,1,0,0
528,Mixed forest,5,2,0,0,17,0,0,0,0,0,0,0,22,2,0,0
529,Mixed forest,3,0,0,0,15,0,0,0,0,0,0,0,18,0,0,0
530,Mixed forest,4,0,0,0,15,0,0,0,0,0,0,0,19,0,0,0
531,Mixed forest,2,0,0,0,10,0,0,0,0,0,0,0,12,0,0,0
532,Mixed forest,5,0,0,0,18,0,0,0,0,0,0,0,23,0,0,0
533,Mixed forest,2,1,0,0,24,1,0,0,0,0,0,0,26,2,0,0
534,Mixed forest,4,1,0,0,14,0,0,0,0,0,0,0,18,1,0,0
535,Mixed forest,3,0,0,0,18,0,0,0,0,0,0,0,21,0,0,0
536,Mixed forest,7,1,0,0,17,0,0,0,0,0,0,0,24,1,0,0
537,Mixed forest,7,0,0,0,16,0,0,0,0,0,0,0,23,0,0,0
538,Mixed forest,8,1,0,0,18,1,0,0,0,0,0,0,26,2,0,0
539,Mixed forest,1,0,0,0,10,2,1,1,0,0,0,0,11,2,1,1
540,Mixed forest,1,0,0,0,3,0,0,0,1,1,0,0,5,1,0,0
541,Mixed forest,1,0,0,0,3,1,0,0,2,0,0,0,6,1,0,0
542,Mixed forest,3,0,0,0,7,0,0,0,2,1,0,0,12,1,0,0
543,Mixed forest,3,0,0,0,5,2,0,0,0,0,0,0,8,2,0,0
544,Mixed forest,1,0,0,0,1,1,0,0,0,0,0,0,2,1,0,0
545,Mixed forest,1,0,0,0,5,1,0,0,0,0,0,0,6,1,0,0
546,Mixed forest,1,0,0,0,2,1,0,0,2,2,0,0,5,3,0,0
547,Mixed forest,2,0,0,1,1,1,0,0,1,3,0,0,4,4,0,1
548,Mixed forest,1,0,0,0,1,0,0,0,1,3,0,0,3,3,0,0
549,Mixed forest,2,0,0,1,3,2,0,0,2,1,0,0,7,3,0,1
550,Mixed forest,1,0,0,0,2,2,0,0,1,2,0,0,4,4,0,0
551,Mixed forest,1,1,0,0,2,0,0,0,2,1,0,0,5,2,0,0
552,Mixed forest,2,0,0,0,5,0,0,0,1,2,0,0,8,2,0,0
553,Mixed forest,3,0,0,0,7,0,0,0,1,0,0,0,11,0,0,0
554,Mixed forest,1,0,0,0,7,1,0,0,3,1,0,0,11,2,0,0
555,Mixed forest,2,0,0,0,1,0,0,0,1,2,0,0,4,2,0,0
556,Mixed forest,1,0,0,0,0,1,0,0,1,3,0,0,2,4,0,0
557,Mixed forest,1,0,0,0,3,0,0,0,1,2,0,0,5,2,0,0
558,Mixed forest,2,0,0,0,3,0,0,0,1,2,0,0,6,2,0,0
559,Mixed forest,1,0,0,0,5,0,0,0,1,3,0,0,7,3,0,0
560,Mixed forest,7,1,0,1,18,1,0,1,2,1,0,0,27,3,0,2
561,Mixed forest,1,0,0,0,2,1,0,0,1,0,0,0,4,1,0,0
562,Mixed forest,2,1,0,0,4,0,0,0,2,0,0,0,8,1,0,0
563,Mixed forest,1,0,0,0,4,0,0,0,2,1,0,0,7,1,0,0
564,Mixed forest,7,1,0,0,13,0,0,1,1,0,0,0,21,1,0,1
565,Mixed forest,7,0,0,1,16,1,0,0,1,1,0,0,24,2,0,1
566,Mixed forest,7,1,0,0,16,1,0,0,1,0,0,0,24,2,0,0
567,Mixed forest,3,0,0,0,3,0,0,0,1,1,0,0,7,1,0,0
568,Mixed forest,3,1,0,0,8,0,0,0,2,1,0,0,13,2,0,0
569,Mixed forest,7,1,0,0,10,0,1,0,1,0,0,0,18,1,1,0
570,Mixed forest,5,1,0,0,14,0,0,0,1,1,0,0,20,2,0,0
571,Mixed forest,4,0,0,0,10,0,0,0,1,0,0,0,15,0,0,0
572,Mixed forest,2,0,0,0,5,0,0,0,0,0,0,0,7,0,0,0
573,Mixed forest,2,0,0,0,6,1,0,0,0,0,0,0,8,1,0,0
574,Mixed forest,1,0,0,0,5,1,0,0,2,2,0,0,8,3,0,0
575,Mixed forest,2,0,0,0,9,0,0,0,2,2,0,0,13,2,0,0
576,Mixed forest,1,0,0,0,10,1,0,0,1,0,0,0,12,1,0,0
577,Mixed forest,1,0,0,0,5,2,0,0,2,1,0,0,8,3,0,0
578,Mixed forest,1,0,0,0,11,0,0,1,3,0,0,0,15,0,0,1
579,Mixed forest,4,1,0,0,12,0,0,0,3,1,0,0,19,2,0,0
580,Mixed forest,2,0,0,0,4,1,0,0,2,1,0,0,8,2,0,0
644,Mixed forest,6,0,0,0,18,3,0,0,3,0,0,0,27,3,0,0
645,Mixed forest,5,0,0,0,15,0,0,0,0,0,0,0,20,0,0,0
646,Mixed forest,4,0,0,0,20,1,0,0,0,0,0,0,24,1,0,0
647,Mixed forest,4,0,0,0,10,0,0,1,0,0,0,0,14,0,0,1
648,Mixed forest,6,2,0,0,14,1,0,2,0,0,0,0,20,3,0,2
649,Mixed forest,2,0,0,0,6,0,0,0,0,0,0,0,8,0,0,0
650,Mixed forest,6,2,0,0,13,2,0,1,3,0,0,0,22,4,0,1
651,Mixed forest,3,0,0,2,9,0,0,0,2,1,0,0,14,1,0,2
652,Mixed forest,1,0,0,0,14,1,0,0,0,0,0,0,15,1,0,0
653,Mixed forest,2,0,0,0,5,1,0,0,1,0,0,0,8,1,0,0
654,Mixed forest,2,1,0,0,10,1,0,1,0,0,0,0,12,2,0,1
655,Mixed forest,2,0,0,0,6,1,0,0,4,1,0,0,12,2,0,0
656,Mixed forest,4,0,0,0,17,0,0,0,0,0,0,0,21,0,0,0
657,Mixed forest,3,0,0,0,13,0,0,0,0,0,0,0,16,0,0,0
658,Mixed forest,0,0,0,0,3,2,0,0,0,0,0,0,3,2,0,0
659,Mixed forest,7,1,0,1,14,1,0,0,0,0,0,0,21,2,0,1
660,Mixed forest,1,0,0,0,1,1,0,0,2,1,0,0,4,2,0,0
661,Mixed forest,0,0,0,0,1,0,0,0,2,2,0,0,3,2,0,0
662,Mixed forest,1,0,0,0,5,0,0,0,0,0,0,0,6,0,0,0
663,Mixed forest,1,0,0,0,6,0,0,0,0,0,0,0,7,0,0,0
685,Mixed forest,3,0,0,0,4,1,0,0,2,2,0,0,9,3,0,0
686,Mixed forest,0,0,0,0,0,0,0,0,2,1,0,0,2,1,0,0
687,Mixed forest,1,0,0,0,1,1,0,0,1,1,0,0,3,2,0,0
688,Mixed forest,3,0,0,0,4,0,0,0,1,1,0,0,8,1,0,0
689,Mixed forest,0,0,0,0,0,0,0,0,1,2,0,0,1,2,0,0
690,Mixed forest,1,0,0,0,3,0,0,0,2,2,0,0,6,2,0,0
747,Mixed forest,2,0,0,0,8,0,0,0,0,0,0,0,10,0,0,0
748,Mixed forest,7,1,0,0,13,0,0,0,0,0,0,0,20,1,0,0
749,Mixed forest,5,0,0,0,7,0,0,0,0,0,0,0,12,0,0,0
750,Mixed forest,2,0,0,0,7,0,0,0,0,0,0,0,9,0,0,0
751,Mixed forest,5,0,0,0,17,2,0,0,1,0,0,0,23,2,0,0
752,Mixed forest,2,1,0,0,14,2,0,0,1,0,0,0,17,3,0,0
753,Mixed forest,1,0,0,0,10,2,0,0,0,0,0,0,11,2,0,0
754,Mixed forest,1,0,0,0,5,0,0,0,1,0,0,0,7,0,0,0
755,Mixed forest,6,1,0,0,10,0,0,0,0,0,0,0,16,1,0,0
756,Mixed forest,8,0,0,0,14,1,0,0,1,0,0,0,23,1,0,0
757,Mixed forest,5,0,0,0,8,0,0,0,0,0,0,0,13,0,0,0
758,Mixed forest,1,0,0,0,10,1,0,0,1,1,0,0,12,2,0,0
759,Mixed forest,1,0,0,0,12,0,0,0,0,0,0,0,13,0,0,0
760,Mixed forest,4,0,0,0,17,1,0,0,1,0,0,0,22,1,0,0
761,Mixed forest,5,0,0,0,12,2,0,0,0,0,0,0,17,2,0,0
762,Mixed forest,3,0,0,0,8,0,0,0,3,0,0,0,14,0,0,0
763,Mixed forest,1,0,0,0,8,0,0,0,0,0,0,0,9,0,0,0
764,Mixed forest,2,0,0,0,4,1,0,0,0,0,0,0,6,1,0,0
765,Mixed forest,2,0,0,0,10,0,0,0,1,0,0,0,13,0,0,0
766,Mixed forest,6,0,0,0,16,2,0,0,2,0,0,0,24,2,0,0
767,Mixed forest,6,0,0,0,12,1,0,0,0,0,0,0,18,1,0,0
768,Mixed forest,1,0,0,0,6,0,0,0,0,0,0,0,7,0,0,0
769,Mixed forest,2,0,0,0,12,1,0,0,0,0,0,0,14,1,0,0
770,Mixed forest,1,0,0,0,7,0,0,0,1,0,0,0,9,0,0,0
771,Mixed forest,1,0,0,0,7,0,0,0,0,0,0,0,8,0,0,0
772,Mixed forest,5,0,0,0,15,1,0,0,3,0,0,0,23,1,0,0
773,Mixed forest,8,1,0,0,12,0,0,0,2,0,0,0,22,1,0,0
774,Mixed forest,3,0,0,0,7,0,0,0,1,0,0,0,11,0,0,0
775,Mixed forest,3,0,0,0,10,1,0,0,1,0,0,0,14,1,0,0
776,Mixed forest,2,0,0,0,12,0,0,1,0,0,0,0,14,0,0,1
777,Mixed forest,0,0,0,0,0,1,0,0,0,0,0,0,0,1,0,0
778,Mixed forest,5,0,0,0,12,1,0,0,2,0,0,0,19,1,0,0
779,Mixed forest,4,0,0,0,13,2,0,0,0,0,0,0,17,2,0,0
780,Mixed forest,2,1,0,0,12,0,0,0,2,0,0,0,16,1,0,0
781,Mixed forest,2,0,0,0,5,1,0,0,0,0,0,0,7,1,0,0
782,Mixed forest,4,1,0,0,14,1,0,0,1,0,0,0,19,2,0,0
783,Mixed forest,0,0,0,0,2,1,0,0,0,0,0,0,2,1,0,0
784,Mixed forest,0,0,0,0,9,0,0,0,0,1,0,0,9,1,0,0
785,Mixed forest,4,0,0,0,13,0,0,0,0,0,0,0,17,0,0,0
786,Mixed forest,2,0,0,0,15,1,0,0,0,0,0,0,17,1,0,0
787,Mixed forest,1,0,1,0,13,1,0,0,0,0,0,0,14,1,1,0
788,Mixed forest,1,0,0,0,9,1,0,0,0,0,0,0,10,1,0,0
789,Mixed forest,2,0,0,0,13,1,0,0,0,0,0,0,15,1,0,0
790,Mixed forest,3,0,1,1,12,1,0,0,0,0,0,0,15,1,1,1
791,Mixed forest,2,0,0,0,19,4,0,0,0,0,0,0,21,4,0,0
792,Mixed forest,1,0,0,0,4,1,0,0,0,0,0,0,5,1,0,0
793,Mixed forest,6,0,0,0,20,1,0,0,0,0,0,0,26,1,0,0
794,Mixed forest,2,0,0,0,9,0,0,0,1,0,0,0,12,0,0,0
795,Mixed forest,0,0,0,0,6,0,0,0,0,0,0,0,6,0,0,0
796,Mixed forest,3,0,0,0,6,0,0,0,0,0,0,0,9,0,0,0
797,Mixed forest,0,0,0,0,6,0,0,0,0,0,0,0,6,0,0,0
798,Mixed forest,1,1,0,0,7,0,0,1,0,0,0,0,8,1,0,1
799,Mixed forest,5,0,0,0,10,0,0,0,0,0,0,0,15,0,0,0
800,Mixed forest,0,0,0,0,0,1,0,0,0,0,0,0,0,1,0,0
801,Mixed forest,2,0,0,0,8,0,0,0,0,0,0,0,10,0,0,0
802,Mixed forest,0,0,0,0,15,1,0,1,0,0,0,0,15,1,0,1
803,Mixed forest,7,0,0,0,19,1,0,0,0,0,0,0,26,1,0,0
804,Mixed forest,0,0,0,0,5,0,0,0,0,0,0,0,5,0,0,0
805,Mixed forest,1,0,0,0,6,0,0,0,0,0,0,0,7,0,0,0
806,Mixed forest,7,0,0,0,12,0,0,0,0,0,0,0,19,0,0,0
807,Mixed forest,1,0,0,0,4,0,0,0,0,0,0,0,5,0,0,0
808,Mixed forest,6,0,0,0,12,0,0,0,0,0,0,0,18,0,0,0
809,Mixed forest,5,0,0,0,14,1,0,0,0,0,0,0,19,1,0,0
810,Mixed forest,2,0,0,0,8,1,0,0,0,0,0,0,10,1,0,0
811,Mixed forest,0,0,0,0,7,0,0,0,0,0,0,0,7,0,0,0
812,Mixed forest,5,1,0,0,10,2,0,0,0,0,0,0,15,3,0,0
813,Mixed forest,4,0,0,0,8,0,0,0,0,0,0,0,12,0,0,0
814,Mixed forest,3,0,0,0,11,2,0,0,0,0,0,0,14,2,0,0
815,Mixed forest,2,0,0,0,9,0,0,0,1,0,0,0,12,0,0,0
816,Mixed forest,1,0,0,0,6,0,0,0,0,0,0,0,7,0,0,0
817,Mixed forest,1,0,0,0,11,0,0,0,1,0,0,0,13,0,0,0
818,Mixed forest,2,0,0,0,10,0,0,0,0,0,0,0,12,0,0,0
819,Mixed forest,1,0,0,0,2,3,0,0,0,0,0,0,3,3,0,0
820,Mixed forest,6,1,0,0,17,2,0,0,1,0,0,0,24,3,0,0
821,Mixed forest,3,0,0,0,14,2,0,0,0,0,0,0,17,2,0,0
822,Mixed forest,6,0,0,0,15,0,0,0,1,0,0,0,22,0,0,0
823,Mixed forest,4,0,0,0,11,1,0,0,0,0,0,0,15,1,0,0
824,Mixed forest,5,1,0,0,15,0,0,0,0,0,0,0,20,1,0,0
825,Mixed forest,2,0,0,0,9,1,0,0,0,0,0,0,11,1,0,0
826,Mixed forest,0,0,0,0,9,0,0,0,0,0,0,0,9,0,0,0
827,Mixed forest,1,0,0,0,4,0,0,0,0,0,0,0,5,0,0,0
828,Mixed forest,3,0,0,0,13,1,0,0,1,1,0,0,17,2,0,0
829,Mixed forest,7,0,0,0,17,1,0,0,0,0,0,0,24,1,0,0
830,Mixed forest,5,0,0,0,16,0,0,0,1,1,0,0,22,1,0,0
831,Mixed forest,5,0,0,0,11,0,0,0,2,0,0,0,18,0,0,0
832,Mixed forest,0,0,0,0,3,1,0,1,2,0,0,0,5,1,0,1
833,Mixed forest,0,0,0,0,2,0,0,0,2,0,0,0,4,0,0,0
834,Mixed forest,2,0,0,0,14,2,0,1,0,0,0,0,16,2,0,1
835,Mixed forest,1,0,0,0,11,1,0,0,0,0,0,0,12,1,0,0
836,Mixed forest,3,0,0,0,11,1,0,0,0,0,0,0,14,1,0,0
837,Mixed forest,3,0,0,0,13,1,0,0,0,0,0,0,16,1,0,0
838,Mixed forest,3,2,0,0,13,1,0,1,0,0,0,0,16,3,0,1
839,Mixed forest,1,0,0,0,13,0,0,0,0,0,0,0,14,0,0,0
840,Mixed forest,1,0,0,0,9,0,0,1,0,0,0,0,10,0,0,1
841,Mixed forest,3,0,0,0,12,0,0,0,0,0,0,0,15,0,0,0
842,Mixed forest,3,0,0,0,13,0,0,0,0,0,0,0,16,0,0,0
843,Mixed forest,3,0,0,0,9,1,0,0,0,0,0,0,12,1,0,0
844,Mixed forest,1,0,0,0,10,1,0,0,0,0,0,0,11,1,0,0
845,Mixed forest,2,0,0,0,5,0,0,0,0,0,0,0,7,0,0,0
846,Mixed forest,0,0,0,0,1,1,0,0,0,0,0,0,1,1,0,0
847,Mixed forest,0,0,0,0,5,0,0,0,0,0,0,0,5,0,0,0
848,Mixed forest,3,0,0,0,9,0,0,0,0,0,0,0,12,0,0,0
849,Mixed forest,1,0,0,0,4,0,0,0,0,0,0,0,5,0,0,0
850,Mixed forest,2,0,0,0,5,0,0,0,0,0,0,0,7,0,0,0
851,Mixed forest,0,0,0,0,2,1,0,0,1,1,0,0,3,2,0,0
852,Mixed forest,3,0,0,0,9,1,0,0,0,0,0,0,12,1,0,0
853,Mixed forest,1,0,0,0,3,1,0,0,1,0,0,0,5,1,0,0
854,Mixed forest,2,0,0,0,8,0,0,0,2,1,0,0,12,1,0,0
855,Mixed forest,2,0,0,0,8,0,0,0,1,0,0,0,11,0,0,0
856,Mixed forest,2,0,0,0,4,0,0,0,1,0,0,0,7,0,0,0
857,Mixed forest,1,0,0,0,5,0,0,0,0,0,0,0,6,0,0,0
858,Mixed forest,5,0,0,0,11,0,0,0,2,0,0,0,18,0,0,0
859,Mixed forest,1,0,0,0,5,0,0,0,0,0,0,0,6,0,0,0
860,Mixed forest,6,0,0,0,16,0,0,0,2,0,0,0,24,0,0,0
861,Mixed forest,2,0,0,0,3,0,0,0,2,0,0,0,7,0,0,0
862,Mixed forest,2,0,0,0,8,0,0,0,0,2,0,0,10,2,0,0
863,Mixed forest,2,0,0,0,9,0,0,1,0,1,0,0,11,1,0,1
864,Mixed forest,2,0,0,0,12,1,0,0,0,0,0,0,14,1,0,0
865,Mixed forest,5,1,0,0,13,0,0,0,0,0,0,0,18,1,0,0
866,Mixed forest,2,0,0,0,7,0,0,0,3,1,0,0,12,1,0,0
867,Mixed forest,8,0,0,0,14,1,0,0,2,1,0,0,24,2,0,0
868,Mixed forest,4,0,0,0,2,0,0,0,2,0,0,0,8,0,0,0
869,Mixed forest,5,0,0,0,11,0,0,0,2,1,0,0,18,1,0,0
870,Mixed forest,3,0,0,0,12,0,0,0,0,0,0,0,15,0,0,0
871,Mixed forest,3,0,0,0,13,0,0,0,0,0,0,0,16,0,0,0
872,Mixed forest,2,0,0,0,11,0,0,0,0,0,0,0,13,0,0,0
873,Mixed forest,2,0,0,0,9,0,0,0,0,0,0,0,11,0,0,0
874,Mixed forest,3,0,0,0,7,2,0,0,0,0,0,0,10,2,0,0
875,Mixed forest,2,0,0,0,10,1,0,0,0,1,0,0,12,2,0,0
876,Mixed forest,3,0,0,0,10,0,0,0,1,0,0,0,14,0,0,0
877,Mixed forest,5,0,0,0,12,2,0,0,0,0,0,0,17,2,0,0
878,Mixed forest,3,0,0,0,12,2,0,1,0,0,0,0,15,2,0,1
879,Mixed forest,3,0,0,0,13,0,0,1,0,0,0,0,16,0,0,1
880,Mixed forest,2,0,0,0,10,0,0,0,0,0,0,0,12,0,0,0
881,Mixed forest,1,0,0,0,15,0,0,0,0,0,0,0,16,0,0,0
882,Mixed forest,2,0,0,0,9,0,0,0,1,0,0,0,12,0,0,0
883,Mixed forest,3,0,0,0,6,0,0,0,2,2,0,0,11,2,0,0
884,Mixed forest,5,0,0,1,12,1,0,0,2,1,0,0,19,2,0,1
885,Mixed forest,5,0,0,0,11,0,0,0,2,0,0,0,18,0,0,0
886,Mixed forest,2,0,0,0,10,1,0,0,2,0,0,0,14,1,0,0
887,Mixed forest,6,0,0,0,9,1,0,0,2,0,0,0,17,1,0,0
888,Mixed forest,2,1,0,0,9,0,0,0,3,0,0,0,14,1,0,0
889,Mixed forest,3,0,0,0,6,2,0,0,2,1,0,0,11,3,0,0
890,Mixed forest,4,1,0,0,14,1,0,0,0,0,0,0,18,2,0,0
891,Mixed forest,4,0,0,0,8,0,0,0,0,0,0,0,12,0,0,0
892,Mixed forest,5,0,0,0,16,0,0,0,1,0,0,0,22,0,0,0
893,Mixed forest,5,0,0,0,11,0,0,1,2,0,0,0,18,0,0,1
894,Mixed forest,3,0,0,0,11,1,0,0,0,0,0,0,14,1,0,0
895,Mixed forest,5,0,0,0,11,2,0,0,1,0,0,0,17,2,0,0
896,Mixed forest,4,1,0,0,15,3,0,1,0,0,0,0,19,4,0,1
897,Mixed forest,2,0,0,0,10,1,0,1,0,0,0,0,12,1,0,1
898,Mixed forest,1,0,0,0,1,0,0,0,1,2,0,0,3,2,0,0
899,Mixed forest,1,0,0,0,1,1,0,0,1,2,0,0,3,3,0,0
900,Mixed forest,2,0,0,0,6,0,0,0,2,2,0,0,10,2,0,0
901,Mixed forest,1,0,0,0,4,0,0,1,1,2,0,0,6,2,0,1
902,Mixed forest,2,0,0,0,5,0,0,0,1,2,0,0,8,2,0,0
964,Mixed forest,7,2,0,0,25,2,0,0,0,0,0,0,32,4,0,0
965,Mixed forest,5,0,0,0,16,0,0,0,0,0,0,0,21,0,0,0
966,Mixed forest,5,0,0,0,19,1,0,0,0,0,0,0,24,1,0,0
967,Mixed forest,4,0,0,0,20,0,0,0,0,0,0,0,24,0,0,0
968,Mixed forest,8,0,0,1,21,5,0,1,2,0,0,0,31,5,0,2
969,Mixed forest,4,1,0,0,17,1,0,0,0,0,0,0,21,2,0,0
970,Mixed forest,3,0,0,0,16,5,0,0,0,0,0,0,19,5,0,0
971,Mixed forest,5,0,0,0,17,1,0,0,0,0,0,0,22,1,0,0
972,Mixed forest,10,1,0,2,19,4,0,1,2,0,0,0,31,5,0,3
973,Mixed forest,9,1,0,1,12,1,0,0,0,0,0,0,21,2,0,1
974,Mixed forest,8,0,0,0,11,0,0,0,1,0,0,0,20,0,0,0
975,Mixed forest,9,0,0,0,17,3,0,0,2,1,0,0,28,4,0,0
976,Mixed forest,11,0,0,3,21,2,1,2,1,1,0,0,33,3,1,5
977,Mixed forest,5,0,0,0,12,1,0,0,0,0,0,0,17,1,0,0
978,Mixed forest,6,0,0,0,10,1,0,0,2,1,0,0,18,2,0,0
979,Mixed forest,10,1,0,0,7,1,0,0,2,1,0,0,19,3,0,0
1071_2,Mixed forest,4,0,0,0,12,0,0,0,0,0,0,0,16,0,0,0
1071_3,Mixed forest,4,0,0,0,14,3,0,1,0,0,0,0,18,3,0,1
